{"cameraMode":{"drawMode":0,"name":"Shaded","section":"Shading Mode"},"sceneLighting":true,"audioPlay":false,"sceneViewState":{"showFog":true,"showMaterialUpdate":true,"showSkybox":true,"showFlares":true,"showImageEffects":true,"showParticleSystems":true},"in2DMode":false,"pivot":{"x":181.4662322998047,"y":752.4959106445313,"z":250.8267822265625},"rotation":{"x":0.013493244536221028,"y":-0.03149040788412094,"z":-0.00043205375550314784,"w":-0.9994128942489624},"size":3781.665771484375,"orthographic":false}