{"cameraMode":{"drawMode":0,"name":"Shaded","section":"Shading Mode"},"sceneLighting":false,"audioPlay":false,"sceneViewState":{"showFog":false,"showMaterialUpdate":false,"showSkybox":false,"showFlares":false,"showImageEffects":false,"showParticleSystems":false},"in2DMode":false,"pivot":{"x":3.049999952316284,"y":4.449999809265137,"z":-0.09670430421829224},"rotation":{"x":-0.12233645468950272,"y":-0.07526011765003205,"z":0.009305143728852272,"w":-0.9895873665809631},"size":2.8578836917877199,"orthographic":false}