{"cameraMode":{"drawMode":0,"name":"Shaded","section":"Shading Mode"},"sceneLighting":true,"audioPlay":false,"sceneViewState":{"showFog":true,"showMaterialUpdate":true,"showSkybox":true,"showFlares":true,"showImageEffects":true,"showParticleSystems":true},"in2DMode":false,"pivot":{"x":-1.5711860656738282,"y":5.69187068939209,"z":1.43912672996521},"rotation":{"x":-0.1269982010126114,"y":0.2965875267982483,"z":-0.039846137166023257,"w":-0.9456847906112671},"size":1.6329420804977418,"orthographic":false}