{"cameraMode":{"drawMode":0,"name":"Shaded","section":"Shading Mode"},"sceneLighting":true,"audioPlay":false,"sceneViewState":{"showFog":true,"showMaterialUpdate":true,"showSkybox":true,"showFlares":true,"showImageEffects":true,"showParticleSystems":true},"in2DMode":false,"pivot":{"x":0.34982699155807497,"y":-1.458733081817627,"z":0.4543344974517822},"rotation":{"x":-0.06216027960181236,"y":0.3870694041252136,"z":-0.02617792971432209,"w":-0.9195803999900818},"size":5.67527437210083,"orthographic":false}