{"cameraMode":{"drawMode":0,"name":"Shaded","section":"Shading Mode"},"sceneLighting":true,"audioPlay":false,"sceneViewState":{"showFog":false,"showMaterialUpdate":false,"showSkybox":false,"showFlares":false,"showImageEffects":false,"showParticleSystems":false},"in2DMode":false,"pivot":{"x":62.989933013916019,"y":645.909912109375,"z":253.3621826171875},"rotation":{"x":-0.05659244582056999,"y":-0.11446632444858551,"z":0.006531744729727507,"w":-0.9917924404144287},"size":3.3091509342193605,"orthographic":false}