{"cameraMode":{"drawMode":0,"name":"Shaded","section":"Shading Mode"},"sceneLighting":false,"audioPlay":false,"sceneViewState":{"showFog":false,"showMaterialUpdate":false,"showSkybox":false,"showFlares":false,"showImageEffects":false,"showParticleSystems":false},"in2DMode":false,"pivot":{"x":-9.123360633850098,"y":-1.5851956605911255,"z":6.539175987243652},"rotation":{"x":0.059819020330905917,"y":-0.22882412374019624,"z":0.014108210802078247,"w":0.9715257287025452},"size":14.573579788208008,"orthographic":false}