{"cameraMode":{"drawMode":0,"name":"Shaded","section":"Shading Mode"},"sceneLighting":false,"audioPlay":false,"sceneViewState":{"showFog":true,"showMaterialUpdate":false,"showSkybox":true,"showFlares":true,"showImageEffects":true,"showParticleSystems":true},"in2DMode":false,"pivot":{"x":-4.337583065032959,"y":0.7045960426330566,"z":-1.2005958557128907},"rotation":{"x":-0.05814763158559799,"y":-0.031444400548934939,"z":0.001832524430938065,"w":-0.9978110194206238},"size":23.380016326904298,"orthographic":false}